email,phone,source
mark@gmail.com,321,yahoo.com
john@gmail.com,123,google.com
bob@test.com,,google.com
mark@gmail.com,321,google.com
john@gmail.com,123,yahoo.com
,123,google.com
mark@gmail.com,321,google.com
Mark@gmail.com,567,yahoo.com
mark@gmail.com,321,yahoo.com
mark@gmail.com,321,yahoo.com
john@gmail.com,123,google.com
bob@test.com,,google.com
mark@gmail.com,321,google.com
john@gmail.com,123,yahoo.com
,123,google.com
mark@gmail.com,321,google.com
Mark@gmail.com,567,yahoo.com
mark@gmail.com,321,yahoo.com
mark@gmail.com,321,yahoo.com
john@gmail.com,123,google.com
bob@test.com,,google.com
mark@gmail.com,321,google.com
john@gmail.com,123,yahoo.com
,123,google.com
mark@gmail.com,321,google.com
Mark@gmail.com,567,yahoo.com
mark@gmail.com,321,yahoo.com
mark@gmail.com,321,yahoo.com
john@gmail.com,123,google.com
bob@test.com,,google.com
mark@gmail.com,321,google.com
john@gmail.com,123,yahoo.com
,123,google.com
mark@gmail.com,321,google.com
Mark@gmail.com,567,yahoo.com
mark@gmail.com,321,yahoo.com
mark@gmail.com,321,yahoo.com
john@gmail.com,123,google.com
bob@test.com,,google.com
mark@gmail.com,321,google.com
john@gmail.com,123,yahoo.com
,123,google.com
mark@gmail.com,321,google.com
Mark@gmail.com,567,yahoo.com
john@gmail.com,123,google.com
bob@test.com,,google.com
mark@gmail.com,321,google.com
john@gmail.com,123,yahoo.com
,123,google.com
mark@gmail.com,321,google.com
Mark@gmail.com,567,yahoo.com
mark@gmail.com,321,yahoo.com
mark@gmail.com,321,yahoo.com
john@gmail.com,123,google.com
bob@test.com,,google.com
mark@gmail.com,321,google.com
john@gmail.com,123,yahoo.com
,123,google.com
mark@gmail.com,321,google.com
Mark@gmail.com,567,yahoo.com
mark@gmail.com,321,yahoo.com
mark@gmail.com,321,yahoo.com
john@gmail.com,123,google.com
bob@test.com,,google.com
mark@gmail.com,321,google.com
john@gmail.com,123,yahoo.com
,123,google.com
mark@gmail.com,321,google.com
Mark@gmail.com,567,yahoo.com
mark@gmail.com,321,yahoo.com
mark@gmail.com,321,yahoo.com
john@gmail.com,123,google.com
bob@test.com,,google.com
mark@gmail.com,321,google.com
john@gmail.com,123,yahoo.com
,123,google.com
mark@gmail.com,321,google.com
Mark@gmail.com,567,yahoo.com
mark@gmail.com,321,yahoo.com
john@gmail.com,123,google.com
bob@test.com,,google.com
mark@gmail.com,321,google.com
john@gmail.com,123,yahoo.com
,123,google.com
mark@gmail.com,321,google.com
Mark@gmail.com,567,yahoo.com
mark@gmail.com,321,yahoo.com
mark@gmail.com,321,yahoo.com
john@gmail.com,123,google.com
bob@test.com,,google.com
mark@gmail.com,321,google.com
john@gmail.com,123,yahoo.com
,123,google.com
mark@gmail.com,321,google.com
Mark@gmail.com,567,yahoo.com
mark@gmail.com,321,yahoo.com
mark@gmail.com,321,yahoo.com
john@gmail.com,123,google.com
bob@test.com,,google.com
mark@gmail.com,321,google.com
john@gmail.com,123,yahoo.com
,123,google.com
mark@gmail.com,321,google.com
Mark@gmail.com,567,yahoo.com
mark@gmail.com,321,yahoo.com
mark@gmail.com,321,yahoo.com
john@gmail.com,123,google.com
bob@test.com,,google.com
mark@gmail.com,321,google.com
john@gmail.com,123,yahoo.com
,123,google.com
mark@gmail.com,321,google.com
Mark@gmail.com,567,yahoo.com
mark@gmail.com,321,yahoo.com
mark@gmail.com,321,yahoo.com
john@gmail.com,123,google.com
bob@test.com,,google.com
mark@gmail.com,321,google.com
john@gmail.com,123,yahoo.com
,123,google.com
mark@gmail.com,321,google.com
Mark@gmail.com,567,yahoo.com
john@gmail.com,123,google.com
bob@test.com,,google.com
mark@gmail.com,321,google.com
john@gmail.com,123,yahoo.com
,123,google.com
mark@gmail.com,321,google.com
Mark@gmail.com,567,yahoo.com
mark@gmail.com,321,yahoo.com
mark@gmail.com,321,yahoo.com
john@gmail.com,123,google.com
bob@test.com,,google.com
mark@gmail.com,321,google.com
john@gmail.com,123,yahoo.com
,123,google.com
mark@gmail.com,321,google.com
Mark@gmail.com,567,yahoo.com
mark@gmail.com,321,yahoo.com
mark@gmail.com,321,yahoo.com
john@gmail.com,123,google.com
bob@test.com,,google.com
mark@gmail.com,321,google.com
john@gmail.com,123,yahoo.com
,123,google.com
mark@gmail.com,321,google.com
Mark@gmail.com,567,yahoo.com
mark@gmail.com,321,yahoo.com
mark@gmail.com,321,yahoo.com
john@gmail.com,123,google.com
bob@test.com,,google.com
mark@gmail.com,321,google.com
john@gmail.com,123,yahoo.com
,123,google.com
mark@gmail.com,321,google.com
Mark@gmail.com,567,yahoo.com
mark@gmail.com,321,yahoo.com
john@gmail.com,123,google.com
bob@test.com,,google.com
mark@gmail.com,321,google.com
john@gmail.com,123,yahoo.com
,123,google.com
mark@gmail.com,321,google.com
Mark@gmail.com,567,yahoo.com
mark@gmail.com,321,yahoo.com
mark@gmail.com,321,yahoo.com
john@gmail.com,123,google.com
bob@test.com,,google.com
mark@gmail.com,321,google.com
john@gmail.com,123,yahoo.com
,123,google.com
mark@gmail.com,321,google.com
Mark@gmail.com,567,yahoo.com
mark@gmail.com,321,yahoo.com
mark@gmail.com,321,yahoo.com
john@gmail.com,123,google.com
bob@test.com,,google.com
mark@gmail.com,321,google.com
john@gmail.com,123,yahoo.com
,123,google.com
mark@gmail.com,321,google.com
Mark@gmail.com,567,yahoo.com
mark@gmail.com,321,yahoo.com
mark@gmail.com,321,yahoo.com
john@gmail.com,123,google.com
bob@test.com,,google.com
mark@gmail.com,321,google.com
john@gmail.com,123,yahoo.com
,123,google.com
mark@gmail.com,321,google.com
Mark@gmail.com,567,yahoo.com
mark@gmail.com,321,yahoo.com
mark@gmail.com,321,yahoo.com
john@gmail.com,123,google.com
bob@test.com,,google.com
mark@gmail.com,321,google.com
john@gmail.com,123,yahoo.com
,123,google.com
mark@gmail.com,321,google.com
Mark@gmail.com,567,yahoo.com
john@gmail.com,123,google.com
bob@test.com,,google.com
mark@gmail.com,321,google.com
john@gmail.com,123,yahoo.com
,123,google.com
mark@gmail.com,321,google.com
Mark@gmail.com,567,yahoo.com
mark@gmail.com,321,yahoo.com
mark@gmail.com,321,yahoo.com
john@gmail.com,123,google.com
bob@test.com,,google.com
mark@gmail.com,321,google.com
john@gmail.com,123,yahoo.com
,123,google.com
mark@gmail.com,321,google.com
Mark@gmail.com,567,yahoo.com
mark@gmail.com,321,yahoo.com
mark@gmail.com,321,yahoo.com
john@gmail.com,123,google.com
bob@test.com,,google.com
mark@gmail.com,321,google.com
john@gmail.com,123,yahoo.com
,123,google.com
mark@gmail.com,321,google.com
Mark@gmail.com,567,yahoo.com
mark@gmail.com,321,yahoo.com
mark@gmail.com,321,yahoo.com
john@gmail.com,123,google.com
bob@test.com,,google.com
mark@gmail.com,321,google.com
john@gmail.com,123,yahoo.com
,123,google.com
mark@gmail.com,321,google.com
Mark@gmail.com,567,yahoo.com
mark@gmail.com,321,yahoo.com
john@gmail.com,123,google.com
bob@test.com,,google.com
mark@gmail.com,321,google.com
john@gmail.com,123,yahoo.com
,123,google.com
mark@gmail.com,321,google.com
Mark@gmail.com,567,yahoo.com
mark@gmail.com,321,yahoo.com
mark@gmail.com,321,yahoo.com
john@gmail.com,123,google.com
bob@test.com,,google.com
mark@gmail.com,321,google.com
john@gmail.com,123,yahoo.com
,123,google.com
mark@gmail.com,321,google.com
Mark@gmail.com,567,yahoo.com
mark@gmail.com,321,yahoo.com
mark@gmail.com,321,yahoo.com
john@gmail.com,123,google.com
bob@test.com,,google.com
mark@gmail.com,321,google.com
john@gmail.com,123,yahoo.com
,123,google.com
mark@gmail.com,321,google.com
Mark@gmail.com,567,yahoo.com
mark@gmail.com,321,yahoo.com
mark@gmail.com,321,yahoo.com
john@gmail.com,123,google.com
bob@test.com,,google.com
mark@gmail.com,321,google.com
john@gmail.com,123,yahoo.com
,123,google.com
mark@gmail.com,321,google.com
Mark@gmail.com,567,yahoo.com
mark@gmail.com,321,yahoo.com
mark@gmail.com,321,yahoo.com
john@gmail.com,123,google.com
bob@test.com,,google.com
mark@gmail.com,321,google.com
john@gmail.com,123,yahoo.com
,123,google.com
mark@gmail.com,321,google.com
Mark@gmail.com,567,yahoo.com
john@gmail.com,123,google.com
bob@test.com,,google.com
mark@gmail.com,321,google.com
john@gmail.com,123,yahoo.com
,123,google.com
mark@gmail.com,321,google.com
Mark@gmail.com,567,yahoo.com
mark@gmail.com,321,yahoo.com
mark@gmail.com,321,yahoo.com
john@gmail.com,123,google.com
bob@test.com,,google.com
mark@gmail.com,321,google.com
john@gmail.com,123,yahoo.com
,123,google.com
mark@gmail.com,321,google.com
Mark@gmail.com,567,yahoo.com
mark@gmail.com,321,yahoo.com
mark@gmail.com,321,yahoo.com
john@gmail.com,123,google.com
bob@test.com,,google.com
mark@gmail.com,321,google.com
john@gmail.com,123,yahoo.com
,123,google.com
mark@gmail.com,321,google.com
Mark@gmail.com,567,yahoo.com
mark@gmail.com,321,yahoo.com
mark@gmail.com,321,yahoo.com
john@gmail.com,123,google.com
bob@test.com,,google.com
mark@gmail.com,321,google.com
john@gmail.com,123,yahoo.com
,123,google.com
mark@gmail.com,321,google.com
Mark@gmail.com,567,yahoo.com
mark@gmail.com,321,yahoo.com
john@gmail.com,123,google.com
bob@test.com,,google.com
mark@gmail.com,321,google.com
john@gmail.com,123,yahoo.com
,123,google.com
mark@gmail.com,321,google.com
Mark@gmail.com,567,yahoo.com
mark@gmail.com,321,yahoo.com
mark@gmail.com,321,yahoo.com
john@gmail.com,123,google.com
bob@test.com,,google.com
mark@gmail.com,321,google.com
john@gmail.com,123,yahoo.com
,123,google.com
mark@gmail.com,321,google.com
Mark@gmail.com,567,yahoo.com
mark@gmail.com,321,yahoo.com
mark@gmail.com,321,yahoo.com
john@gmail.com,123,google.com
bob@test.com,,google.com
mark@gmail.com,321,google.com
john@gmail.com,123,yahoo.com
,123,google.com
mark@gmail.com,321,google.com
Mark@gmail.com,567,yahoo.com
mark@gmail.com,321,yahoo.com
mark@gmail.com,321,yahoo.com
john@gmail.com,123,google.com
bob@test.com,,google.com
mark@gmail.com,321,google.com
john@gmail.com,123,yahoo.com
,123,google.com
mark@gmail.com,321,google.com
Mark@gmail.com,567,yahoo.com
mark@gmail.com,321,yahoo.com
mark@gmail.com,321,yahoo.com
john@gmail.com,123,google.com
bob@test.com,,google.com
mark@gmail.com,321,google.com
john@gmail.com,123,yahoo.com
,123,google.com
mark@gmail.com,321,google.com
Mark@gmail.com,567,yahoo.com
john@gmail.com,123,google.com
bob@test.com,,google.com
mark@gmail.com,321,google.com
john@gmail.com,123,yahoo.com
,123,google.com
mark@gmail.com,321,google.com
Mark@gmail.com,567,yahoo.com
mark@gmail.com,321,yahoo.com
mark@gmail.com,321,yahoo.com
john@gmail.com,123,google.com
bob@test.com,,google.com
mark@gmail.com,321,google.com
john@gmail.com,123,yahoo.com
,123,google.com
mark@gmail.com,321,google.com
Mark@gmail.com,567,yahoo.com
mark@gmail.com,321,yahoo.com
mark@gmail.com,321,yahoo.com
john@gmail.com,123,google.com
bob@test.com,,google.com
mark@gmail.com,321,google.com
john@gmail.com,123,yahoo.com
,123,google.com
mark@gmail.com,321,google.com
Mark@gmail.com,567,yahoo.com
mark@gmail.com,321,yahoo.com
mark@gmail.com,321,yahoo.com
john@gmail.com,123,google.com
bob@test.com,,google.com
mark@gmail.com,321,google.com
john@gmail.com,123,yahoo.com
,123,google.com
mark@gmail.com,321,google.com
Mark@gmail.com,567,yahoo.com
mark@gmail.com,321,yahoo.com
john@gmail.com,123,google.com
bob@test.com,,google.com
mark@gmail.com,321,google.com
john@gmail.com,123,yahoo.com
,123,google.com
mark@gmail.com,321,google.com
Mark@gmail.com,567,yahoo.com
mark@gmail.com,321,yahoo.com
mark@gmail.com,321,yahoo.com
john@gmail.com,123,google.com
bob@test.com,,google.com
mark@gmail.com,321,google.com
john@gmail.com,123,yahoo.com
,123,google.com
mark@gmail.com,321,google.com
Mark@gmail.com,567,yahoo.com
mark@gmail.com,321,yahoo.com
mark@gmail.com,321,yahoo.com
john@gmail.com,123,google.com
bob@test.com,,google.com
mark@gmail.com,321,google.com
john@gmail.com,123,yahoo.com
,123,google.com
mark@gmail.com,321,google.com
Mark@gmail.com,567,yahoo.com
mark@gmail.com,321,yahoo.com
mark@gmail.com,321,yahoo.com
john@gmail.com,123,google.com
bob@test.com,,google.com
mark@gmail.com,321,google.com
john@gmail.com,123,yahoo.com
,123,google.com
mark@gmail.com,321,google.com
Mark@gmail.com,567,yahoo.com
mark@gmail.com,321,yahoo.com
mark@gmail.com,321,yahoo.com
john@gmail.com,123,google.com
bob@test.com,,google.com
mark@gmail.com,321,google.com
john@gmail.com,123,yahoo.com
,123,google.com
mark@gmail.com,321,google.com
Mark@gmail.com,567,yahoo.com
john@gmail.com,123,google.com
bob@test.com,,google.com
mark@gmail.com,321,google.com
john@gmail.com,123,yahoo.com
,123,google.com
mark@gmail.com,321,google.com
Mark@gmail.com,567,yahoo.com
mark@gmail.com,321,yahoo.com
mark@gmail.com,321,yahoo.com
john@gmail.com,123,google.com
bob@test.com,,google.com
mark@gmail.com,321,google.com
john@gmail.com,123,yahoo.com
,123,google.com
mark@gmail.com,321,google.com
Mark@gmail.com,567,yahoo.com
mark@gmail.com,321,yahoo.com
mark@gmail.com,321,yahoo.com
john@gmail.com,123,google.com
bob@test.com,,google.com
mark@gmail.com,321,google.com
john@gmail.com,123,yahoo.com
,123,google.com
mark@gmail.com,321,google.com
Mark@gmail.com,567,yahoo.com
mark@gmail.com,321,yahoo.com
mark@gmail.com,321,yahoo.com
john@gmail.com,123,google.com
bob@test.com,,google.com
mark@gmail.com,321,google.com
john@gmail.com,123,yahoo.com
,123,google.com
mark@gmail.com,321,google.com
Mark@gmail.com,567,yahoo.com
mark@gmail.com,321,yahoo.com
john@gmail.com,123,google.com
bob@test.com,,google.com
mark@gmail.com,321,google.com
john@gmail.com,123,yahoo.com
,123,google.com
mark@gmail.com,321,google.com
Mark@gmail.com,567,yahoo.com
mark@gmail.com,321,yahoo.com
mark@gmail.com,321,yahoo.com
john@gmail.com,123,google.com
bob@test.com,,google.com
mark@gmail.com,321,google.com
john@gmail.com,123,yahoo.com
,123,google.com
mark@gmail.com,321,google.com
Mark@gmail.com,567,yahoo.com
mark@gmail.com,321,yahoo.com
mark@gmail.com,321,yahoo.com
john@gmail.com,123,google.com
bob@test.com,,google.com
mark@gmail.com,321,google.com
john@gmail.com,123,yahoo.com
,123,google.com
mark@gmail.com,321,google.com
Mark@gmail.com,567,yahoo.com
mark@gmail.com,321,yahoo.com
mark@gmail.com,321,yahoo.com
john@gmail.com,123,google.com
bob@test.com,,google.com
mark@gmail.com,321,google.com
john@gmail.com,123,yahoo.com
,123,google.com
mark@gmail.com,321,google.com
Mark@gmail.com,567,yahoo.com
mark@gmail.com,321,yahoo.com
mark@gmail.com,321,yahoo.com
john@gmail.com,123,google.com
bob@test.com,,google.com
mark@gmail.com,321,google.com
john@gmail.com,123,yahoo.com
,123,google.com
mark@gmail.com,321,google.com
Mark@gmail.com,567,yahoo.com
john@gmail.com,123,google.com
bob@test.com,,google.com
mark@gmail.com,321,google.com
john@gmail.com,123,yahoo.com
,123,google.com
mark@gmail.com,321,google.com
Mark@gmail.com,567,yahoo.com
mark@gmail.com,321,yahoo.com
mark@gmail.com,321,yahoo.com
john@gmail.com,123,google.com
bob@test.com,,google.com
mark@gmail.com,321,google.com
john@gmail.com,123,yahoo.com
,123,google.com
mark@gmail.com,321,google.com
Mark@gmail.com,567,yahoo.com
mark@gmail.com,321,yahoo.com
mark@gmail.com,321,yahoo.com
john@gmail.com,123,google.com
bob@test.com,,google.com
mark@gmail.com,321,google.com
john@gmail.com,123,yahoo.com
,123,google.com
mark@gmail.com,321,google.com
Mark@gmail.com,567,yahoo.com
mark@gmail.com,321,yahoo.com
mark@gmail.com,321,yahoo.com
john@gmail.com,123,google.com
bob@test.com,,google.com
mark@gmail.com,321,google.com
john@gmail.com,123,yahoo.com
,123,google.com
mark@gmail.com,321,google.com
Mark@gmail.com,567,yahoo.com
mark@gmail.com,321,yahoo.com
john@gmail.com,123,google.com
bob@test.com,,google.com
mark@gmail.com,321,google.com
john@gmail.com,123,yahoo.com
,123,google.com
mark@gmail.com,321,google.com
Mark@gmail.com,567,yahoo.com
mark@gmail.com,321,yahoo.com
mark@gmail.com,321,yahoo.com
john@gmail.com,123,google.com
bob@test.com,,google.com
mark@gmail.com,321,google.com
john@gmail.com,123,yahoo.com
,123,google.com
mark@gmail.com,321,google.com
Mark@gmail.com,567,yahoo.com
mark@gmail.com,321,yahoo.com
mark@gmail.com,321,yahoo.com
john@gmail.com,123,google.com
bob@test.com,,google.com
mark@gmail.com,321,google.com
john@gmail.com,123,yahoo.com
,123,google.com
mark@gmail.com,321,google.com
Mark@gmail.com,567,yahoo.com
mark@gmail.com,321,yahoo.com
mark@gmail.com,321,yahoo.com
john@gmail.com,123,google.com
bob@test.com,,google.com
mark@gmail.com,321,google.com
john@gmail.com,123,yahoo.com
,123,google.com
mark@gmail.com,321,google.com
Mark@gmail.com,567,yahoo.com
mark@gmail.com,321,yahoo.com
mark@gmail.com,321,yahoo.com
john@gmail.com,123,google.com
bob@test.com,,google.com
mark@gmail.com,321,google.com
john@gmail.com,123,yahoo.com
,123,google.com
mark@gmail.com,321,google.com
Mark@gmail.com,567,yahoo.com
john@gmail.com,123,google.com
bob@test.com,,google.com
mark@gmail.com,321,google.com
john@gmail.com,123,yahoo.com
,123,google.com
mark@gmail.com,321,google.com
Mark@gmail.com,567,yahoo.com
mark@gmail.com,321,yahoo.com
mark@gmail.com,321,yahoo.com
john@gmail.com,123,google.com
bob@test.com,,google.com
mark@gmail.com,321,google.com
john@gmail.com,123,yahoo.com
,123,google.com
mark@gmail.com,321,google.com
Mark@gmail.com,567,yahoo.com
mark@gmail.com,321,yahoo.com
mark@gmail.com,321,yahoo.com
john@gmail.com,123,google.com
bob@test.com,,google.com
mark@gmail.com,321,google.com
john@gmail.com,123,yahoo.com
,123,google.com
mark@gmail.com,321,google.com
Mark@gmail.com,567,yahoo.com
mark@gmail.com,321,yahoo.com
mark@gmail.com,321,yahoo.com
john@gmail.com,123,google.com
bob@test.com,,google.com
mark@gmail.com,321,google.com
john@gmail.com,123,yahoo.com
,123,google.com
mark@gmail.com,321,google.com
Mark@gmail.com,567,yahoo.com
mark@gmail.com,321,yahoo.com
john@gmail.com,123,google.com
bob@test.com,,google.com
mark@gmail.com,321,google.com
john@gmail.com,123,yahoo.com
,123,google.com
mark@gmail.com,321,google.com
Mark@gmail.com,567,yahoo.com
mark@gmail.com,321,yahoo.com
mark@gmail.com,321,yahoo.com
john@gmail.com,123,google.com
bob@test.com,,google.com
mark@gmail.com,321,google.com
john@gmail.com,123,yahoo.com
,123,google.com
mark@gmail.com,321,google.com
Mark@gmail.com,567,yahoo.com
mark@gmail.com,321,yahoo.com
mark@gmail.com,321,yahoo.com
john@gmail.com,123,google.com
bob@test.com,,google.com
mark@gmail.com,321,google.com
john@gmail.com,123,yahoo.com
,123,google.com
mark@gmail.com,321,google.com
Mark@gmail.com,567,yahoo.com
mark@gmail.com,321,yahoo.com
mark@gmail.com,321,yahoo.com
john@gmail.com,123,google.com
bob@test.com,,google.com
mark@gmail.com,321,google.com
john@gmail.com,123,yahoo.com
,123,google.com
mark@gmail.com,321,google.com
Mark@gmail.com,567,yahoo.com
mark@gmail.com,321,yahoo.com
mark@gmail.com,321,yahoo.com
john@gmail.com,123,google.com
bob@test.com,,google.com
mark@gmail.com,321,google.com
john@gmail.com,123,yahoo.com
,123,google.com
mark@gmail.com,321,google.com
Mark@gmail.com,567,yahoo.com
john@gmail.com,123,google.com
bob@test.com,,google.com
mark@gmail.com,321,google.com
john@gmail.com,123,yahoo.com
,123,google.com
mark@gmail.com,321,google.com
Mark@gmail.com,567,yahoo.com
mark@gmail.com,321,yahoo.com
mark@gmail.com,321,yahoo.com
john@gmail.com,123,google.com
bob@test.com,,google.com
mark@gmail.com,321,google.com
john@gmail.com,123,yahoo.com
,123,google.com
mark@gmail.com,321,google.com
Mark@gmail.com,567,yahoo.com
mark@gmail.com,321,yahoo.com
mark@gmail.com,321,yahoo.com
john@gmail.com,123,google.com
bob@test.com,,google.com
mark@gmail.com,321,google.com
john@gmail.com,123,yahoo.com
,123,google.com
mark@gmail.com,321,google.com
Mark@gmail.com,567,yahoo.com
mark@gmail.com,321,yahoo.com
mark@gmail.com,321,yahoo.com
john@gmail.com,123,google.com
bob@test.com,,google.com
mark@gmail.com,321,google.com
john@gmail.com,123,yahoo.com
,123,google.com
mark@gmail.com,321,google.com
Mark@gmail.com,567,yahoo.com
mark@gmail.com,321,yahoo.com
john@gmail.com,123,google.com
bob@test.com,,google.com
mark@gmail.com,321,google.com
john@gmail.com,123,yahoo.com
,123,google.com
mark@gmail.com,321,google.com
Mark@gmail.com,567,yahoo.com
mark@gmail.com,321,yahoo.com
mark@gmail.com,321,yahoo.com
john@gmail.com,123,google.com
bob@test.com,,google.com
mark@gmail.com,321,google.com
john@gmail.com,123,yahoo.com
,123,google.com
mark@gmail.com,321,google.com
Mark@gmail.com,567,yahoo.com
mark@gmail.com,321,yahoo.com
mark@gmail.com,321,yahoo.com
john@gmail.com,123,google.com
bob@test.com,,google.com
mark@gmail.com,321,google.com
john@gmail.com,123,yahoo.com
,123,google.com
mark@gmail.com,321,google.com
Mark@gmail.com,567,yahoo.com
mark@gmail.com,321,yahoo.com
mark@gmail.com,321,yahoo.com
john@gmail.com,123,google.com
bob@test.com,,google.com
mark@gmail.com,321,google.com
john@gmail.com,123,yahoo.com
,123,google.com
mark@gmail.com,321,google.com
Mark@gmail.com,567,yahoo.com
mark@gmail.com,321,yahoo.com
mark@gmail.com,321,yahoo.com
john@gmail.com,123,google.com
bob@test.com,,google.com
mark@gmail.com,321,google.com
john@gmail.com,123,yahoo.com
,123,google.com
mark@gmail.com,321,google.com
Mark@gmail.com,567,yahoo.com
john@gmail.com,123,google.com
bob@test.com,,google.com
mark@gmail.com,321,google.com
john@gmail.com,123,yahoo.com
,123,google.com
mark@gmail.com,321,google.com
Mark@gmail.com,567,yahoo.com
mark@gmail.com,321,yahoo.com
mark@gmail.com,321,yahoo.com
john@gmail.com,123,google.com
bob@test.com,,google.com
mark@gmail.com,321,google.com
john@gmail.com,123,yahoo.com
,123,google.com
mark@gmail.com,321,google.com
Mark@gmail.com,567,yahoo.com
mark@gmail.com,321,yahoo.com
mark@gmail.com,321,yahoo.com
john@gmail.com,123,google.com
bob@test.com,,google.com
mark@gmail.com,321,google.com
john@gmail.com,123,yahoo.com
,123,google.com
mark@gmail.com,321,google.com
Mark@gmail.com,567,yahoo.com
mark@gmail.com,321,yahoo.com
mark@gmail.com,321,yahoo.com
john@gmail.com,123,google.com
bob@test.com,,google.com
mark@gmail.com,321,google.com
john@gmail.com,123,yahoo.com
,123,google.com
mark@gmail.com,321,google.com
Mark@gmail.com,567,yahoo.com
mark@gmail.com,321,yahoo.com
john@gmail.com,123,google.com
bob@test.com,,google.com
mark@gmail.com,321,google.com
john@gmail.com,123,yahoo.com
,123,google.com
mark@gmail.com,321,google.com
Mark@gmail.com,567,yahoo.com
mark@gmail.com,321,yahoo.com
mark@gmail.com,321,yahoo.com
john@gmail.com,123,google.com
bob@test.com,,google.com
mark@gmail.com,321,google.com
john@gmail.com,123,yahoo.com
,123,google.com
mark@gmail.com,321,google.com
Mark@gmail.com,567,yahoo.com
mark@gmail.com,321,yahoo.com
mark@gmail.com,321,yahoo.com
john@gmail.com,123,google.com
bob@test.com,,google.com
mark@gmail.com,321,google.com
john@gmail.com,123,yahoo.com
,123,google.com
mark@gmail.com,321,google.com
Mark@gmail.com,567,yahoo.com
mark@gmail.com,321,yahoo.com
mark@gmail.com,321,yahoo.com
john@gmail.com,123,google.com
bob@test.com,,google.com
mark@gmail.com,321,google.com
john@gmail.com,123,yahoo.com
,123,google.com
mark@gmail.com,321,google.com
Mark@gmail.com,567,yahoo.com
mark@gmail.com,321,yahoo.com
mark@gmail.com,321,yahoo.com
john@gmail.com,123,google.com
bob@test.com,,google.com
mark@gmail.com,321,google.com
john@gmail.com,123,yahoo.com
,123,google.com
mark@gmail.com,321,google.com
Mark@gmail.com,567,yahoo.com
john@gmail.com,123,google.com
bob@test.com,,google.com
mark@gmail.com,321,google.com
john@gmail.com,123,yahoo.com
,123,google.com
mark@gmail.com,321,google.com
Mark@gmail.com,567,yahoo.com
mark@gmail.com,321,yahoo.com
mark@gmail.com,321,yahoo.com
john@gmail.com,123,google.com
bob@test.com,,google.com
mark@gmail.com,321,google.com
john@gmail.com,123,yahoo.com
,123,google.com
mark@gmail.com,321,google.com
Mark@gmail.com,567,yahoo.com
mark@gmail.com,321,yahoo.com
mark@gmail.com,321,yahoo.com
john@gmail.com,123,google.com
bob@test.com,,google.com
mark@gmail.com,321,google.com
john@gmail.com,123,yahoo.com
,123,google.com
mark@gmail.com,321,google.com
Mark@gmail.com,567,yahoo.com
mark@gmail.com,321,yahoo.com
mark@gmail.com,321,yahoo.com
john@gmail.com,123,google.com
bob@test.com,,google.com
mark@gmail.com,321,google.com
john@gmail.com,123,yahoo.com
,123,google.com
mark@gmail.com,321,google.com
Mark@gmail.com,567,yahoo.com
mark@gmail.com,321,yahoo.com
john@gmail.com,123,google.com
bob@test.com,,google.com
mark@gmail.com,321,google.com
john@gmail.com,123,yahoo.com
,123,google.com
mark@gmail.com,321,google.com
Mark@gmail.com,567,yahoo.com
mark@gmail.com,321,yahoo.com
mark@gmail.com,321,yahoo.com
john@gmail.com,123,google.com
bob@test.com,,google.com
mark@gmail.com,321,google.com
john@gmail.com,123,yahoo.com
,123,google.com
mark@gmail.com,321,google.com
Mark@gmail.com,567,yahoo.com
mark@gmail.com,321,yahoo.com
mark@gmail.com,321,yahoo.com
john@gmail.com,123,google.com
bob@test.com,,google.com
mark@gmail.com,321,google.com
john@gmail.com,123,yahoo.com
,123,google.com
mark@gmail.com,321,google.com
Mark@gmail.com,567,yahoo.com
mark@gmail.com,321,yahoo.com
mark@gmail.com,321,yahoo.com
john@gmail.com,123,google.com
bob@test.com,,google.com
mark@gmail.com,321,google.com
john@gmail.com,123,yahoo.com
,123,google.com
mark@gmail.com,321,google.com
Mark@gmail.com,567,yahoo.com
mark@gmail.com,321,yahoo.com
mark@gmail.com,321,yahoo.com
john@gmail.com,123,google.com
bob@test.com,,google.com
mark@gmail.com,321,google.com
john@gmail.com,123,yahoo.com
,123,google.com
mark@gmail.com,321,google.com
Mark@gmail.com,567,yahoo.com
john@gmail.com,123,google.com
bob@test.com,,google.com
mark@gmail.com,321,google.com
john@gmail.com,123,yahoo.com
,123,google.com
mark@gmail.com,321,google.com
Mark@gmail.com,567,yahoo.com
mark@gmail.com,321,yahoo.com
mark@gmail.com,321,yahoo.com
john@gmail.com,123,google.com
bob@test.com,,google.com
mark@gmail.com,321,google.com
john@gmail.com,123,yahoo.com
,123,google.com
mark@gmail.com,321,google.com
Mark@gmail.com,567,yahoo.com
mark@gmail.com,321,yahoo.com
mark@gmail.com,321,yahoo.com
john@gmail.com,123,google.com
bob@test.com,,google.com
mark@gmail.com,321,google.com
john@gmail.com,123,yahoo.com
,123,google.com
mark@gmail.com,321,google.com
Mark@gmail.com,567,yahoo.com
mark@gmail.com,321,yahoo.com
mark@gmail.com,321,yahoo.com
john@gmail.com,123,google.com
bob@test.com,,google.com
mark@gmail.com,321,google.com
john@gmail.com,123,yahoo.com
,123,google.com
mark@gmail.com,321,google.com
Mark@gmail.com,567,yahoo.com
mark@gmail.com,321,yahoo.com
john@gmail.com,123,google.com
bob@test.com,,google.com
mark@gmail.com,321,google.com
john@gmail.com,123,yahoo.com
,123,google.com
mark@gmail.com,321,google.com
Mark@gmail.com,567,yahoo.com
mark@gmail.com,321,yahoo.com
mark@gmail.com,321,yahoo.com
john@gmail.com,123,google.com
bob@test.com,,google.com
mark@gmail.com,321,google.com
john@gmail.com,123,yahoo.com
,123,google.com
mark@gmail.com,321,google.com
Mark@gmail.com,567,yahoo.com
mark@gmail.com,321,yahoo.com
mark@gmail.com,321,yahoo.com
john@gmail.com,123,google.com
bob@test.com,,google.com
mark@gmail.com,321,google.com
john@gmail.com,123,yahoo.com
,123,google.com
mark@gmail.com,321,google.com
Mark@gmail.com,567,yahoo.com
mark@gmail.com,321,yahoo.com
mark@gmail.com,321,yahoo.com
john@gmail.com,123,google.com
bob@test.com,,google.com
mark@gmail.com,321,google.com
john@gmail.com,123,yahoo.com
,123,google.com
mark@gmail.com,321,google.com
Mark@gmail.com,567,yahoo.com
mark@gmail.com,321,yahoo.com
mark@gmail.com,321,yahoo.com
john@gmail.com,123,google.com
bob@test.com,,google.com
mark@gmail.com,321,google.com
john@gmail.com,123,yahoo.com
,123,google.com
mark@gmail.com,321,google.com
Mark@gmail.com,567,yahoo.com
john@gmail.com,123,google.com
bob@test.com,,google.com
mark@gmail.com,321,google.com
john@gmail.com,123,yahoo.com
,123,google.com
mark@gmail.com,321,google.com
Mark@gmail.com,567,yahoo.com
mark@gmail.com,321,yahoo.com
mark@gmail.com,321,yahoo.com
john@gmail.com,123,google.com
bob@test.com,,google.com
mark@gmail.com,321,google.com
john@gmail.com,123,yahoo.com
,123,google.com
mark@gmail.com,321,google.com
Mark@gmail.com,567,yahoo.com
mark@gmail.com,321,yahoo.com
mark@gmail.com,321,yahoo.com
john@gmail.com,123,google.com
bob@test.com,,google.com
mark@gmail.com,321,google.com
john@gmail.com,123,yahoo.com
,123,google.com
mark@gmail.com,321,google.com
Mark@gmail.com,567,yahoo.com
mark@gmail.com,321,yahoo.com
mark@gmail.com,321,yahoo.com
john@gmail.com,123,google.com
bob@test.com,,google.com
mark@gmail.com,321,google.com
john@gmail.com,123,yahoo.com
,123,google.com
mark@gmail.com,321,google.com
Mark@gmail.com,567,yahoo.com
mark@gmail.com,321,yahoo.com
john@gmail.com,123,google.com
bob@test.com,,google.com
mark@gmail.com,321,google.com
john@gmail.com,123,yahoo.com
,123,google.com
mark@gmail.com,321,google.com
Mark@gmail.com,567,yahoo.com
mark@gmail.com,321,yahoo.com
mark@gmail.com,321,yahoo.com
john@gmail.com,123,google.com
bob@test.com,,google.com
mark@gmail.com,321,google.com
john@gmail.com,123,yahoo.com
,123,google.com
mark@gmail.com,321,google.com
Mark@gmail.com,567,yahoo.com
mark@gmail.com,321,yahoo.com
mark@gmail.com,321,yahoo.com
john@gmail.com,123,google.com
bob@test.com,,google.com
mark@gmail.com,321,google.com
john@gmail.com,123,yahoo.com
,123,google.com
mark@gmail.com,321,google.com
Mark@gmail.com,567,yahoo.com
mark@gmail.com,321,yahoo.com
mark@gmail.com,321,yahoo.com
john@gmail.com,123,google.com
bob@test.com,,google.com
mark@gmail.com,321,google.com
john@gmail.com,123,yahoo.com
,123,google.com
mark@gmail.com,321,google.com
Mark@gmail.com,567,yahoo.com
mark@gmail.com,321,yahoo.com
mark@gmail.com,321,yahoo.com
john@gmail.com,123,google.com
bob@test.com,,google.com
mark@gmail.com,321,google.com
john@gmail.com,123,yahoo.com
,123,google.com
mark@gmail.com,321,google.com
Mark@gmail.com,567,yahoo.com
john@gmail.com,123,google.com
bob@test.com,,google.com
mark@gmail.com,321,google.com
john@gmail.com,123,yahoo.com
,123,google.com
mark@gmail.com,321,google.com
Mark@gmail.com,567,yahoo.com
mark@gmail.com,321,yahoo.com
mark@gmail.com,321,yahoo.com
john@gmail.com,123,google.com
bob@test.com,,google.com
mark@gmail.com,321,google.com
john@gmail.com,123,yahoo.com
,123,google.com
mark@gmail.com,321,google.com
Mark@gmail.com,567,yahoo.com
mark@gmail.com,321,yahoo.com
mark@gmail.com,321,yahoo.com
john@gmail.com,123,google.com
bob@test.com,,google.com
mark@gmail.com,321,google.com
john@gmail.com,123,yahoo.com
,123,google.com
mark@gmail.com,321,google.com
Mark@gmail.com,567,yahoo.com
mark@gmail.com,321,yahoo.com
mark@gmail.com,321,yahoo.com
john@gmail.com,123,google.com
bob@test.com,,google.com
mark@gmail.com,321,google.com
john@gmail.com,123,yahoo.com
,123,google.com
mark@gmail.com,321,google.com
Mark@gmail.com,567,yahoo.com
mark@gmail.com,321,yahoo.com
john@gmail.com,123,google.com
bob@test.com,,google.com
mark@gmail.com,321,google.com
john@gmail.com,123,yahoo.com
,123,google.com
mark@gmail.com,321,google.com
Mark@gmail.com,567,yahoo.com
mark@gmail.com,321,yahoo.com
mark@gmail.com,321,yahoo.com
john@gmail.com,123,google.com
bob@test.com,,google.com
mark@gmail.com,321,google.com
john@gmail.com,123,yahoo.com
,123,google.com
mark@gmail.com,321,google.com
Mark@gmail.com,567,yahoo.com
mark@gmail.com,321,yahoo.com
mark@gmail.com,321,yahoo.com
john@gmail.com,123,google.com
bob@test.com,,google.com
mark@gmail.com,321,google.com
john@gmail.com,123,yahoo.com
,123,google.com
mark@gmail.com,321,google.com
Mark@gmail.com,567,yahoo.com
mark@gmail.com,321,yahoo.com
mark@gmail.com,321,yahoo.com
john@gmail.com,123,google.com
bob@test.com,,google.com
mark@gmail.com,321,google.com
john@gmail.com,123,yahoo.com
,123,google.com
mark@gmail.com,321,google.com
Mark@gmail.com,567,yahoo.com
mark@gmail.com,321,yahoo.com
mark@gmail.com,321,yahoo.com
john@gmail.com,123,google.com
bob@test.com,,google.com
mark@gmail.com,321,google.com
john@gmail.com,123,yahoo.com
,123,google.com
mark@gmail.com,321,google.com
Mark@gmail.com,567,yahoo.com
john@gmail.com,123,google.com
bob@test.com,,google.com
mark@gmail.com,321,google.com
john@gmail.com,123,yahoo.com
,123,google.com
mark@gmail.com,321,google.com
Mark@gmail.com,567,yahoo.com
mark@gmail.com,321,yahoo.com
mark@gmail.com,321,yahoo.com
john@gmail.com,123,google.com
bob@test.com,,google.com
mark@gmail.com,321,google.com
john@gmail.com,123,yahoo.com
,123,google.com
mark@gmail.com,321,google.com
Mark@gmail.com,567,yahoo.com
mark@gmail.com,321,yahoo.com
mark@gmail.com,321,yahoo.com
john@gmail.com,123,google.com
bob@test.com,,google.com
mark@gmail.com,321,google.com
john@gmail.com,123,yahoo.com
,123,google.com
mark@gmail.com,321,google.com
Mark@gmail.com,567,yahoo.com
mark@gmail.com,321,yahoo.com
mark@gmail.com,321,yahoo.com
john@gmail.com,123,google.com
bob@test.com,,google.com
mark@gmail.com,321,google.com
john@gmail.com,123,yahoo.com
,123,google.com
mark@gmail.com,321,google.com
Mark@gmail.com,567,yahoo.com
mark@gmail.com,321,yahoo.com
john@gmail.com,123,google.com
bob@test.com,,google.com
mark@gmail.com,321,google.com
john@gmail.com,123,yahoo.com
,123,google.com
mark@gmail.com,321,google.com
Mark@gmail.com,567,yahoo.com
mark@gmail.com,321,yahoo.com
mark@gmail.com,321,yahoo.com
john@gmail.com,123,google.com
bob@test.com,,google.com
mark@gmail.com,321,google.com
john@gmail.com,123,yahoo.com
,123,google.com
mark@gmail.com,321,google.com
Mark@gmail.com,567,yahoo.com
mark@gmail.com,321,yahoo.com
mark@gmail.com,321,yahoo.com
john@gmail.com,123,google.com
bob@test.com,,google.com
mark@gmail.com,321,google.com
john@gmail.com,123,yahoo.com
,123,google.com
mark@gmail.com,321,google.com
Mark@gmail.com,567,yahoo.com
mark@gmail.com,321,yahoo.com
mark@gmail.com,321,yahoo.com
john@gmail.com,123,google.com
bob@test.com,,google.com
mark@gmail.com,321,google.com
john@gmail.com,123,yahoo.com
,123,google.com
mark@gmail.com,321,google.com
Mark@gmail.com,567,yahoo.com
mark@gmail.com,321,yahoo.com
mark@gmail.com,321,yahoo.com
john@gmail.com,123,google.com
bob@test.com,,google.com
mark@gmail.com,321,google.com
john@gmail.com,123,yahoo.com
,123,google.com
mark@gmail.com,321,google.com
Mark@gmail.com,567,yahoo.com
john@gmail.com,123,google.com
bob@test.com,,google.com
mark@gmail.com,321,google.com
john@gmail.com,123,yahoo.com
,123,google.com
mark@gmail.com,321,google.com
Mark@gmail.com,567,yahoo.com
mark@gmail.com,321,yahoo.com
mark@gmail.com,321,yahoo.com
john@gmail.com,123,google.com
bob@test.com,,google.com
mark@gmail.com,321,google.com
john@gmail.com,123,yahoo.com
,123,google.com
mark@gmail.com,321,google.com
Mark@gmail.com,567,yahoo.com
mark@gmail.com,321,yahoo.com
mark@gmail.com,321,yahoo.com
john@gmail.com,123,google.com
bob@test.com,,google.com
mark@gmail.com,321,google.com
john@gmail.com,123,yahoo.com
,123,google.com
mark@gmail.com,321,google.com
Mark@gmail.com,567,yahoo.com
mark@gmail.com,321,yahoo.com
mark@gmail.com,321,yahoo.com
john@gmail.com,123,google.com
bob@test.com,,google.com
mark@gmail.com,321,google.com
john@gmail.com,123,yahoo.com
,123,google.com
mark@gmail.com,321,google.com
Mark@gmail.com,567,yahoo.com
mark@gmail.com,321,yahoo.com
john@gmail.com,123,google.com
bob@test.com,,google.com
mark@gmail.com,321,google.com
john@gmail.com,123,yahoo.com
,123,google.com
mark@gmail.com,321,google.com
Mark@gmail.com,567,yahoo.com
mark@gmail.com,321,yahoo.com
mark@gmail.com,321,yahoo.com
john@gmail.com,123,google.com
bob@test.com,,google.com
mark@gmail.com,321,google.com
john@gmail.com,123,yahoo.com
,123,google.com
mark@gmail.com,321,google.com
Mark@gmail.com,567,yahoo.com
mark@gmail.com,321,yahoo.com
mark@gmail.com,321,yahoo.com
john@gmail.com,123,google.com
bob@test.com,,google.com
mark@gmail.com,321,google.com
john@gmail.com,123,yahoo.com
,123,google.com
mark@gmail.com,321,google.com
Mark@gmail.com,567,yahoo.com
mark@gmail.com,321,yahoo.com
mark@gmail.com,321,yahoo.com
john@gmail.com,123,google.com
bob@test.com,,google.com
mark@gmail.com,321,google.com
john@gmail.com,123,yahoo.com
,123,google.com
mark@gmail.com,321,google.com
Mark@gmail.com,567,yahoo.com
mark@gmail.com,321,yahoo.com
mark@gmail.com,321,yahoo.com
john@gmail.com,123,google.com
bob@test.com,,google.com
mark@gmail.com,321,google.com
john@gmail.com,123,yahoo.com
,123,google.com
mark@gmail.com,321,google.com
Mark@gmail.com,567,yahoo.com
john@gmail.com,123,google.com
bob@test.com,,google.com
mark@gmail.com,321,google.com
john@gmail.com,123,yahoo.com
,123,google.com
mark@gmail.com,321,google.com
Mark@gmail.com,567,yahoo.com
mark@gmail.com,321,yahoo.com
mark@gmail.com,321,yahoo.com
john@gmail.com,123,google.com
bob@test.com,,google.com
mark@gmail.com,321,google.com
john@gmail.com,123,yahoo.com
,123,google.com
mark@gmail.com,321,google.com
Mark@gmail.com,567,yahoo.com
mark@gmail.com,321,yahoo.com
mark@gmail.com,321,yahoo.com
john@gmail.com,123,google.com
bob@test.com,,google.com
mark@gmail.com,321,google.com
john@gmail.com,123,yahoo.com
,123,google.com
mark@gmail.com,321,google.com
Mark@gmail.com,567,yahoo.com
mark@gmail.com,321,yahoo.com
mark@gmail.com,321,yahoo.com
john@gmail.com,123,google.com
bob@test.com,,google.com
mark@gmail.com,321,google.com
john@gmail.com,123,yahoo.com
,123,google.com
mark@gmail.com,321,google.com
Mark@gmail.com,567,yahoo.com
mark@gmail.com,321,yahoo.com
john@gmail.com,123,google.com
bob@test.com,,google.com
mark@gmail.com,321,google.com
john@gmail.com,123,yahoo.com
,123,google.com
mark@gmail.com,321,google.com
Mark@gmail.com,567,yahoo.com
mark@gmail.com,321,yahoo.com
mark@gmail.com,321,yahoo.com
john@gmail.com,123,google.com
bob@test.com,,google.com
mark@gmail.com,321,google.com
john@gmail.com,123,yahoo.com
,123,google.com
mark@gmail.com,321,google.com
Mark@gmail.com,567,yahoo.com
mark@gmail.com,321,yahoo.com
mark@gmail.com,321,yahoo.com
john@gmail.com,123,google.com
bob@test.com,,google.com
mark@gmail.com,321,google.com
john@gmail.com,123,yahoo.com
,123,google.com
mark@gmail.com,321,google.com
Mark@gmail.com,567,yahoo.com
mark@gmail.com,321,yahoo.com
mark@gmail.com,321,yahoo.com
john@gmail.com,123,google.com
bob@test.com,,google.com
mark@gmail.com,321,google.com
john@gmail.com,123,yahoo.com
,123,google.com
mark@gmail.com,321,google.com
Mark@gmail.com,567,yahoo.com
mark@gmail.com,321,yahoo.com
mark@gmail.com,321,yahoo.com
john@gmail.com,123,google.com
bob@test.com,,google.com
mark@gmail.com,321,google.com
john@gmail.com,123,yahoo.com
,123,google.com
mark@gmail.com,321,google.com
Mark@gmail.com,567,yahoo.com
john@gmail.com,123,google.com
bob@test.com,,google.com
mark@gmail.com,321,google.com
john@gmail.com,123,yahoo.com
,123,google.com
mark@gmail.com,321,google.com
Mark@gmail.com,567,yahoo.com
mark@gmail.com,321,yahoo.com
mark@gmail.com,321,yahoo.com
john@gmail.com,123,google.com
bob@test.com,,google.com
mark@gmail.com,321,google.com
john@gmail.com,123,yahoo.com
,123,google.com
mark@gmail.com,321,google.com
Mark@gmail.com,567,yahoo.com
mark@gmail.com,321,yahoo.com
mark@gmail.com,321,yahoo.com
john@gmail.com,123,google.com
bob@test.com,,google.com
mark@gmail.com,321,google.com
john@gmail.com,123,yahoo.com
,123,google.com
mark@gmail.com,321,google.com
Mark@gmail.com,567,yahoo.com
mark@gmail.com,321,yahoo.com
mark@gmail.com,321,yahoo.com
john@gmail.com,123,google.com
bob@test.com,,google.com
mark@gmail.com,321,google.com
john@gmail.com,123,yahoo.com
,123,google.com
mark@gmail.com,321,google.com
Mark@gmail.com,567,yahoo.com
mark@gmail.com,321,yahoo.com
john@gmail.com,123,google.com
bob@test.com,,google.com
mark@gmail.com,321,google.com
john@gmail.com,123,yahoo.com
,123,google.com
mark@gmail.com,321,google.com
Mark@gmail.com,567,yahoo.com
mark@gmail.com,321,yahoo.com
mark@gmail.com,321,yahoo.com
john@gmail.com,123,google.com
bob@test.com,,google.com
mark@gmail.com,321,google.com
john@gmail.com,123,yahoo.com
,123,google.com
mark@gmail.com,321,google.com
Mark@gmail.com,567,yahoo.com
mark@gmail.com,321,yahoo.com
mark@gmail.com,321,yahoo.com
john@gmail.com,123,google.com
bob@test.com,,google.com
mark@gmail.com,321,google.com
john@gmail.com,123,yahoo.com
,123,google.com
mark@gmail.com,321,google.com
Mark@gmail.com,567,yahoo.com
mark@gmail.com,321,yahoo.com
mark@gmail.com,321,yahoo.com
john@gmail.com,123,google.com
bob@test.com,,google.com
mark@gmail.com,321,google.com
john@gmail.com,123,yahoo.com
,123,google.com
mark@gmail.com,321,google.com
Mark@gmail.com,567,yahoo.com
mark@gmail.com,321,yahoo.com
mark@gmail.com,321,yahoo.com
john@gmail.com,123,google.com
bob@test.com,,google.com
mark@gmail.com,321,google.com
john@gmail.com,123,yahoo.com
,123,google.com
mark@gmail.com,321,google.com
Mark@gmail.com,567,yahoo.com
john@gmail.com,123,google.com
bob@test.com,,google.com
mark@gmail.com,321,google.com
john@gmail.com,123,yahoo.com
,123,google.com
mark@gmail.com,321,google.com
Mark@gmail.com,567,yahoo.com
mark@gmail.com,321,yahoo.com
mark@gmail.com,321,yahoo.com
john@gmail.com,123,google.com
bob@test.com,,google.com
mark@gmail.com,321,google.com
john@gmail.com,123,yahoo.com
,123,google.com
mark@gmail.com,321,google.com
Mark@gmail.com,567,yahoo.com
mark@gmail.com,321,yahoo.com
mark@gmail.com,321,yahoo.com
john@gmail.com,123,google.com
bob@test.com,,google.com
mark@gmail.com,321,google.com
john@gmail.com,123,yahoo.com
,123,google.com
mark@gmail.com,321,google.com
Mark@gmail.com,567,yahoo.com
mark@gmail.com,321,yahoo.com
mark@gmail.com,321,yahoo.com
john@gmail.com,123,google.com
bob@test.com,,google.com
mark@gmail.com,321,google.com
john@gmail.com,123,yahoo.com
,123,google.com
mark@gmail.com,321,google.com
Mark@gmail.com,567,yahoo.com
mark@gmail.com,321,yahoo.com
john@gmail.com,123,google.com
bob@test.com,,google.com
mark@gmail.com,321,google.com
john@gmail.com,123,yahoo.com
,123,google.com
mark@gmail.com,321,google.com
Mark@gmail.com,567,yahoo.com
mark@gmail.com,321,yahoo.com
mark@gmail.com,321,yahoo.com
john@gmail.com,123,google.com
bob@test.com,,google.com
mark@gmail.com,321,google.com
john@gmail.com,123,yahoo.com
,123,google.com
mark@gmail.com,321,google.com
Mark@gmail.com,567,yahoo.com
mark@gmail.com,321,yahoo.com
mark@gmail.com,321,yahoo.com
john@gmail.com,123,google.com
bob@test.com,,google.com
mark@gmail.com,321,google.com
john@gmail.com,123,yahoo.com
,123,google.com
mark@gmail.com,321,google.com
Mark@gmail.com,567,yahoo.com
mark@gmail.com,321,yahoo.com
mark@gmail.com,321,yahoo.com
john@gmail.com,123,google.com
bob@test.com,,google.com
mark@gmail.com,321,google.com
john@gmail.com,123,yahoo.com
,123,google.com
mark@gmail.com,321,google.com
Mark@gmail.com,567,yahoo.com
mark@gmail.com,321,yahoo.com
mark@gmail.com,321,yahoo.com
john@gmail.com,123,google.com
bob@test.com,,google.com
mark@gmail.com,321,google.com
john@gmail.com,123,yahoo.com
,123,google.com
mark@gmail.com,321,google.com
Mark@gmail.com,567,yahoo.com
john@gmail.com,123,google.com
bob@test.com,,google.com
mark@gmail.com,321,google.com
john@gmail.com,123,yahoo.com
,123,google.com
mark@gmail.com,321,google.com
Mark@gmail.com,567,yahoo.com
mark@gmail.com,321,yahoo.com
mark@gmail.com,321,yahoo.com
john@gmail.com,123,google.com
bob@test.com,,google.com
mark@gmail.com,321,google.com
john@gmail.com,123,yahoo.com
,123,google.com
mark@gmail.com,321,google.com
Mark@gmail.com,567,yahoo.com
mark@gmail.com,321,yahoo.com
mark@gmail.com,321,yahoo.com
john@gmail.com,123,google.com
bob@test.com,,google.com
mark@gmail.com,321,google.com
john@gmail.com,123,yahoo.com
,123,google.com
mark@gmail.com,321,google.com
Mark@gmail.com,567,yahoo.com
mark@gmail.com,321,yahoo.com
mark@gmail.com,321,yahoo.com
john@gmail.com,123,google.com
bob@test.com,,google.com
mark@gmail.com,321,google.com
john@gmail.com,123,yahoo.com
,123,google.com
mark@gmail.com,321,google.com
Mark@gmail.com,567,yahoo.com
mark@gmail.com,321,yahoo.com
john@gmail.com,123,google.com
bob@test.com,,google.com
mark@gmail.com,321,google.com
john@gmail.com,123,yahoo.com
,123,google.com
mark@gmail.com,321,google.com
Mark@gmail.com,567,yahoo.com
mark@gmail.com,321,yahoo.com
mark@gmail.com,321,yahoo.com
john@gmail.com,123,google.com
bob@test.com,,google.com
mark@gmail.com,321,google.com
john@gmail.com,123,yahoo.com
,123,google.com
mark@gmail.com,321,google.com
Mark@gmail.com,567,yahoo.com
mark@gmail.com,321,yahoo.com
mark@gmail.com,321,yahoo.com
john@gmail.com,123,google.com
bob@test.com,,google.com
mark@gmail.com,321,google.com
john@gmail.com,123,yahoo.com
,123,google.com
mark@gmail.com,321,google.com
Mark@gmail.com,567,yahoo.com
mark@gmail.com,321,yahoo.com
mark@gmail.com,321,yahoo.com
john@gmail.com,123,google.com
bob@test.com,,google.com
mark@gmail.com,321,google.com
john@gmail.com,123,yahoo.com
,123,google.com
mark@gmail.com,321,google.com
Mark@gmail.com,567,yahoo.com
mark@gmail.com,321,yahoo.com
mark@gmail.com,321,yahoo.com
john@gmail.com,123,google.com
bob@test.com,,google.com
mark@gmail.com,321,google.com
john@gmail.com,123,yahoo.com
,123,google.com
mark@gmail.com,321,google.com
Mark@gmail.com,567,yahoo.com
john@gmail.com,123,google.com
bob@test.com,,google.com
mark@gmail.com,321,google.com
john@gmail.com,123,yahoo.com
,123,google.com
mark@gmail.com,321,google.com
Mark@gmail.com,567,yahoo.com
mark@gmail.com,321,yahoo.com
mark@gmail.com,321,yahoo.com
john@gmail.com,123,google.com
bob@test.com,,google.com
mark@gmail.com,321,google.com
john@gmail.com,123,yahoo.com
,123,google.com
mark@gmail.com,321,google.com
Mark@gmail.com,567,yahoo.com
mark@gmail.com,321,yahoo.com
mark@gmail.com,321,yahoo.com
john@gmail.com,123,google.com
bob@test.com,,google.com
mark@gmail.com,321,google.com
john@gmail.com,123,yahoo.com
,123,google.com
mark@gmail.com,321,google.com
Mark@gmail.com,567,yahoo.com
mark@gmail.com,321,yahoo.com
mark@gmail.com,321,yahoo.com
john@gmail.com,123,google.com
bob@test.com,,google.com
mark@gmail.com,321,google.com
john@gmail.com,123,yahoo.com
,123,google.com
mark@gmail.com,321,google.com
Mark@gmail.com,567,yahoo.com
mark@gmail.com,321,yahoo.com
john@gmail.com,123,google.com
bob@test.com,,google.com
mark@gmail.com,321,google.com
john@gmail.com,123,yahoo.com
,123,google.com
mark@gmail.com,321,google.com
Mark@gmail.com,567,yahoo.com
mark@gmail.com,321,yahoo.com
mark@gmail.com,321,yahoo.com
john@gmail.com,123,google.com
bob@test.com,,google.com
mark@gmail.com,321,google.com
john@gmail.com,123,yahoo.com
,123,google.com
mark@gmail.com,321,google.com
Mark@gmail.com,567,yahoo.com
mark@gmail.com,321,yahoo.com
mark@gmail.com,321,yahoo.com
john@gmail.com,123,google.com
bob@test.com,,google.com
mark@gmail.com,321,google.com
john@gmail.com,123,yahoo.com
,123,google.com
mark@gmail.com,321,google.com
Mark@gmail.com,567,yahoo.com
mark@gmail.com,321,yahoo.com
mark@gmail.com,321,yahoo.com
john@gmail.com,123,google.com
bob@test.com,,google.com
mark@gmail.com,321,google.com
john@gmail.com,123,yahoo.com
,123,google.com
mark@gmail.com,321,google.com
Mark@gmail.com,567,yahoo.com
mark@gmail.com,321,yahoo.com
mark@gmail.com,321,yahoo.com
john@gmail.com,123,google.com
bob@test.com,,google.com
mark@gmail.com,321,google.com
john@gmail.com,123,yahoo.com
,123,google.com
mark@gmail.com,321,google.com
Mark@gmail.com,567,yahoo.com
john@gmail.com,123,google.com
bob@test.com,,google.com
mark@gmail.com,321,google.com
john@gmail.com,123,yahoo.com
,123,google.com
mark@gmail.com,321,google.com
Mark@gmail.com,567,yahoo.com
mark@gmail.com,321,yahoo.com
mark@gmail.com,321,yahoo.com
john@gmail.com,123,google.com
bob@test.com,,google.com
mark@gmail.com,321,google.com
john@gmail.com,123,yahoo.com
,123,google.com
mark@gmail.com,321,google.com
Mark@gmail.com,567,yahoo.com
mark@gmail.com,321,yahoo.com
mark@gmail.com,321,yahoo.com
john@gmail.com,123,google.com
bob@test.com,,google.com
mark@gmail.com,321,google.com
john@gmail.com,123,yahoo.com
,123,google.com
mark@gmail.com,321,google.com
Mark@gmail.com,567,yahoo.com
mark@gmail.com,321,yahoo.com
mark@gmail.com,321,yahoo.com
john@gmail.com,123,google.com
bob@test.com,,google.com
mark@gmail.com,321,google.com
john@gmail.com,123,yahoo.com
,123,google.com
mark@gmail.com,321,google.com
Mark@gmail.com,567,yahoo.com
mark@gmail.com,321,yahoo.com
john@gmail.com,123,google.com
bob@test.com,,google.com
mark@gmail.com,321,google.com
john@gmail.com,123,yahoo.com
,123,google.com
mark@gmail.com,321,google.com
Mark@gmail.com,567,yahoo.com
mark@gmail.com,321,yahoo.com
mark@gmail.com,321,yahoo.com
john@gmail.com,123,google.com
bob@test.com,,google.com
mark@gmail.com,321,google.com
john@gmail.com,123,yahoo.com
,123,google.com
mark@gmail.com,321,google.com
Mark@gmail.com,567,yahoo.com
mark@gmail.com,321,yahoo.com
mark@gmail.com,321,yahoo.com
john@gmail.com,123,google.com
bob@test.com,,google.com
mark@gmail.com,321,google.com
john@gmail.com,123,yahoo.com
,123,google.com
mark@gmail.com,321,google.com
Mark@gmail.com,567,yahoo.com
mark@gmail.com,321,yahoo.com
mark@gmail.com,321,yahoo.com
john@gmail.com,123,google.com
bob@test.com,,google.com
mark@gmail.com,321,google.com
john@gmail.com,123,yahoo.com
,123,google.com
mark@gmail.com,321,google.com
Mark@gmail.com,567,yahoo.com
mark@gmail.com,321,yahoo.com
mark@gmail.com,321,yahoo.com
john@gmail.com,123,google.com
bob@test.com,,google.com
mark@gmail.com,321,google.com
john@gmail.com,123,yahoo.com
,123,google.com
mark@gmail.com,321,google.com
Mark@gmail.com,567,yahoo.com
john@gmail.com,123,google.com
bob@test.com,,google.com
mark@gmail.com,321,google.com
john@gmail.com,123,yahoo.com
,123,google.com
mark@gmail.com,321,google.com
Mark@gmail.com,567,yahoo.com
mark@gmail.com,321,yahoo.com
mark@gmail.com,321,yahoo.com
john@gmail.com,123,google.com
bob@test.com,,google.com
mark@gmail.com,321,google.com
john@gmail.com,123,yahoo.com
,123,google.com
mark@gmail.com,321,google.com
Mark@gmail.com,567,yahoo.com
mark@gmail.com,321,yahoo.com
mark@gmail.com,321,yahoo.com
john@gmail.com,123,google.com
bob@test.com,,google.com
mark@gmail.com,321,google.com
john@gmail.com,123,yahoo.com
,123,google.com
mark@gmail.com,321,google.com
Mark@gmail.com,567,yahoo.com
mark@gmail.com,321,yahoo.com
mark@gmail.com,321,yahoo.com
john@gmail.com,123,google.com
bob@test.com,,google.com
mark@gmail.com,321,google.com
john@gmail.com,123,yahoo.com
,123,google.com
mark@gmail.com,321,google.com
Mark@gmail.com,567,yahoo.com
mark@gmail.com,321,yahoo.com
john@gmail.com,123,google.com
bob@test.com,,google.com
mark@gmail.com,321,google.com
john@gmail.com,123,yahoo.com
,123,google.com
mark@gmail.com,321,google.com
Mark@gmail.com,567,yahoo.com
mark@gmail.com,321,yahoo.com
mark@gmail.com,321,yahoo.com
john@gmail.com,123,google.com
bob@test.com,,google.com
mark@gmail.com,321,google.com
john@gmail.com,123,yahoo.com
,123,google.com
mark@gmail.com,321,google.com
Mark@gmail.com,567,yahoo.com
mark@gmail.com,321,yahoo.com
mark@gmail.com,321,yahoo.com
john@gmail.com,123,google.com
bob@test.com,,google.com
mark@gmail.com,321,google.com
john@gmail.com,123,yahoo.com
,123,google.com
mark@gmail.com,321,google.com
Mark@gmail.com,567,yahoo.com
mark@gmail.com,321,yahoo.com
mark@gmail.com,321,yahoo.com
john@gmail.com,123,google.com
bob@test.com,,google.com
mark@gmail.com,321,google.com
john@gmail.com,123,yahoo.com
,123,google.com
mark@gmail.com,321,google.com
Mark@gmail.com,567,yahoo.com
mark@gmail.com,321,yahoo.com
mark@gmail.com,321,yahoo.com
john@gmail.com,123,google.com
bob@test.com,,google.com
mark@gmail.com,321,google.com
john@gmail.com,123,yahoo.com
,123,google.com
mark@gmail.com,321,google.com
Mark@gmail.com,567,yahoo.com
john@gmail.com,123,google.com
bob@test.com,,google.com
mark@gmail.com,321,google.com
john@gmail.com,123,yahoo.com
,123,google.com
mark@gmail.com,321,google.com
Mark@gmail.com,567,yahoo.com
mark@gmail.com,321,yahoo.com
mark@gmail.com,321,yahoo.com
john@gmail.com,123,google.com
bob@test.com,,google.com
mark@gmail.com,321,google.com
john@gmail.com,123,yahoo.com
,123,google.com
mark@gmail.com,321,google.com
Mark@gmail.com,567,yahoo.com
mark@gmail.com,321,yahoo.com
mark@gmail.com,321,yahoo.com
john@gmail.com,123,google.com
bob@test.com,,google.com
mark@gmail.com,321,google.com
john@gmail.com,123,yahoo.com
,123,google.com
mark@gmail.com,321,google.com
Mark@gmail.com,567,yahoo.com
mark@gmail.com,321,yahoo.com
mark@gmail.com,321,yahoo.com
john@gmail.com,123,google.com
bob@test.com,,google.com
mark@gmail.com,321,google.com
john@gmail.com,123,yahoo.com
,123,google.com
mark@gmail.com,321,google.com
Mark@gmail.com,567,yahoo.com
mark@gmail.com,321,yahoo.com
john@gmail.com,123,google.com
bob@test.com,,google.com
mark@gmail.com,321,google.com
john@gmail.com,123,yahoo.com
,123,google.com
mark@gmail.com,321,google.com
Mark@gmail.com,567,yahoo.com
mark@gmail.com,321,yahoo.com
mark@gmail.com,321,yahoo.com
john@gmail.com,123,google.com
bob@test.com,,google.com
mark@gmail.com,321,google.com
john@gmail.com,123,yahoo.com
,123,google.com
mark@gmail.com,321,google.com
Mark@gmail.com,567,yahoo.com
mark@gmail.com,321,yahoo.com
mark@gmail.com,321,yahoo.com
john@gmail.com,123,google.com
bob@test.com,,google.com
mark@gmail.com,321,google.com
john@gmail.com,123,yahoo.com
,123,google.com
mark@gmail.com,321,google.com
Mark@gmail.com,567,yahoo.com
mark@gmail.com,321,yahoo.com
mark@gmail.com,321,yahoo.com
john@gmail.com,123,google.com
bob@test.com,,google.com
mark@gmail.com,321,google.com
john@gmail.com,123,yahoo.com
,123,google.com
mark@gmail.com,321,google.com
Mark@gmail.com,567,yahoo.com
mark@gmail.com,321,yahoo.com
mark@gmail.com,321,yahoo.com
john@gmail.com,123,google.com
bob@test.com,,google.com
mark@gmail.com,321,google.com
john@gmail.com,123,yahoo.com
,123,google.com
mark@gmail.com,321,google.com
Mark@gmail.com,567,yahoo.com
john@gmail.com,123,google.com
bob@test.com,,google.com
mark@gmail.com,321,google.com
john@gmail.com,123,yahoo.com
,123,google.com
mark@gmail.com,321,google.com
Mark@gmail.com,567,yahoo.com
mark@gmail.com,321,yahoo.com
mark@gmail.com,321,yahoo.com
john@gmail.com,123,google.com
bob@test.com,,google.com
mark@gmail.com,321,google.com
john@gmail.com,123,yahoo.com
,123,google.com
mark@gmail.com,321,google.com
Mark@gmail.com,567,yahoo.com
mark@gmail.com,321,yahoo.com
mark@gmail.com,321,yahoo.com
john@gmail.com,123,google.com
bob@test.com,,google.com
mark@gmail.com,321,google.com
john@gmail.com,123,yahoo.com
,123,google.com
mark@gmail.com,321,google.com
Mark@gmail.com,567,yahoo.com
mark@gmail.com,321,yahoo.com
mark@gmail.com,321,yahoo.com
john@gmail.com,123,google.com
bob@test.com,,google.com
mark@gmail.com,321,google.com
john@gmail.com,123,yahoo.com
,123,google.com
mark@gmail.com,321,google.com
Mark@gmail.com,567,yahoo.com
mark@gmail.com,321,yahoo.com
john@gmail.com,123,google.com
bob@test.com,,google.com
mark@gmail.com,321,google.com
john@gmail.com,123,yahoo.com
,123,google.com
mark@gmail.com,321,google.com
Mark@gmail.com,567,yahoo.com
mark@gmail.com,321,yahoo.com
mark@gmail.com,321,yahoo.com
john@gmail.com,123,google.com
bob@test.com,,google.com
mark@gmail.com,321,google.com
john@gmail.com,123,yahoo.com
,123,google.com
mark@gmail.com,321,google.com
Mark@gmail.com,567,yahoo.com
mark@gmail.com,321,yahoo.com
mark@gmail.com,321,yahoo.com
john@gmail.com,123,google.com
bob@test.com,,google.com
mark@gmail.com,321,google.com
john@gmail.com,123,yahoo.com
,123,google.com
mark@gmail.com,321,google.com
Mark@gmail.com,567,yahoo.com
mark@gmail.com,321,yahoo.com
mark@gmail.com,321,yahoo.com
john@gmail.com,123,google.com
bob@test.com,,google.com
mark@gmail.com,321,google.com
john@gmail.com,123,yahoo.com
,123,google.com
mark@gmail.com,321,google.com
Mark@gmail.com,567,yahoo.com
mark@gmail.com,321,yahoo.com
mark@gmail.com,321,yahoo.com
john@gmail.com,123,google.com
bob@test.com,,google.com
mark@gmail.com,321,google.com
john@gmail.com,123,yahoo.com
,123,google.com
mark@gmail.com,321,google.com
Mark@gmail.com,567,yahoo.com
john@gmail.com,123,google.com
bob@test.com,,google.com
mark@gmail.com,321,google.com
john@gmail.com,123,yahoo.com
,123,google.com
mark@gmail.com,321,google.com
Mark@gmail.com,567,yahoo.com
mark@gmail.com,321,yahoo.com
mark@gmail.com,321,yahoo.com
john@gmail.com,123,google.com
bob@test.com,,google.com
mark@gmail.com,321,google.com
john@gmail.com,123,yahoo.com
,123,google.com
mark@gmail.com,321,google.com
Mark@gmail.com,567,yahoo.com
mark@gmail.com,321,yahoo.com
mark@gmail.com,321,yahoo.com
john@gmail.com,123,google.com
bob@test.com,,google.com
mark@gmail.com,321,google.com
john@gmail.com,123,yahoo.com
,123,google.com
mark@gmail.com,321,google.com
Mark@gmail.com,567,yahoo.com
mark@gmail.com,321,yahoo.com
mark@gmail.com,321,yahoo.com
john@gmail.com,123,google.com
bob@test.com,,google.com
mark@gmail.com,321,google.com
john@gmail.com,123,yahoo.com
,123,google.com
mark@gmail.com,321,google.com
Mark@gmail.com,567,yahoo.com
